{
  "rainIntensity": {
    "max": 100,
    "min": 0,
    "tick": 25,
    "text": "Intensity",
    "type": "slider",
    "value": 40
  },
  "rainSpeed": {
    "max": 100,
    "min": 0,
    "tick": 25,
    "text": "Speed",
    "type": "slider",
    "value": 25
  },
  "brightness": {
    "max": 100,
    "min": 0,
    "tick": 25,
    "text": "Brightness",
    "type": "slider",
    "value": 75
  },
  "rainNormal": {
    "max": 100,
    "min": 0,
    "tick": 25,
    "text": "Normal",
    "type": "slider",
    "value": 50
  },
  "rainZoom": {
    "max": 300,
    "min": 10,
    "tick": 25,
    "text": "Zoom",
    "type": "slider",
    "value": 261
  },
  "overlayColor": {
    "text": "Overlay Color",
    "type": "color",
    "value": "#C0C0C0"
  },
   "imgSelect": {
    "type": "folderDropdown",
    "value": "mountain-surrounded-with-fog-1772973.jpg",
    "text": "Image",
    "filter": "*.jpg|*.png",
    "folder": "wallpapers"
  },
  "blurQuality": {
    "type": "dropdown",
    "value": 1,
    "text": "Blur Quality",
    "items": [
      "Off",
      "Low",
      "High",
      "Very High"
    ]
  },
  "blurIntensity": {
    "max": 100,
    "min": 0,
    "tick": 25,
    "text": "Blur Intensity",
    "type": "slider",
    "value": 50
  },
  "animateChk": {
    "type": "checkbox",
    "value": false,
    "text": "Panning"
  },
  "postProcessingChk": {
    "type": "checkbox",
    "value": true,
    "text": "Post Processing"
  },
  "lightningChk": {
    "type": "checkbox",
    "value": false,
    "text": "Lightning"
  },
  "fpsLock": {
    "type": "checkbox",
    "value": true,
    "text": "30FPS Lock"
  }
}