{
  "AppVersion": "0.9.0.0",
  "Title": "Matrix Digital Rain",
  "Thumbnail": "thumbnail.jpg",
  "Preview": "preview.gif",
  "Desc": "Matrix Digital Rain\r\n\r\nInspired by \"Matrix Rain\" from \"thecodeplayer.com\" with some additions/improvements/cleanup, like:\r\n- Added a Matrix font file\r\n- Added glow to each character\r\netc.\r\nMore info in \"readme.txt\".\r\n\r\nThere is no spoon...",
  "Author": "Kat (Discord: 0x4A_K̦̗̬Â̲͔Tͭ̔ͬ ☣#2160)",
  "License": "CC BY-NC-SA 4.0",
  "Contact": "",
  "Type": 1,
  "FileName": "index.html",
  "Arguments": ""
}