{
  "background_image": {
    "type": "folderDropdown",
    "folder": "backgrounds",
    "filter": "*.jpg|*.png",
    "value": "example.png",
    "text": "Background Image"
  },
  "display_image": {
    "type": "checkbox",
    "value": true,
    "text": "Display Image?"
  },
  "background_color": {
    "type": "color",
    "value": "#000000",
    "text": "Background Color"
  },
  "canvas_corners": {
    "type": "slider",
    "min": 0,
    "max": 50,
    "tick": 2,
    "value": 0,
    "text": "Canvas Corners"
  },
  "canvas_opacity": {
    "type": "slider",
    "min": 0,
    "max": 9,
    "tick": 1,
    "value": 3,
    "text": "Canvas Opacity"
  },
  "canvas_margin": {
    "type": "slider",
    "min": 0,
    "max": 20,
    "tick": 1,
    "value": 0,
    "text": "Canvas Margin"
  },
  "font_size": {
    "type": "slider",
    "min": 12,
    "max": 36,
    "tick": 1,
    "value": 24,
    "text": "Font Size"
  },
  "speed": {
    "type": "slider",
    "min": 1,
    "max": 100,
    "tick": 1,
    "value": 75,
    "text": "Rain Speed"
  },
  "text_color": {
    "type": "color",
    "value": "#00FFFF",
    "text": "Rain Color"
  },
  "text_fade": {
    "type": "slider",
    "min": 10,
    "max": 31,
    "tick": 1,
    "value": 22,
    "text": "Rain Fading / Trail Length"
  },
  "shadow_color": {
    "type": "color",
    "value": "#00FFFF",
    "text": "Rain Shadow (Glow) Color"
  },
  "shadow_blur": {
    "type": "slider",
    "min": 0,
    "max": 20,
    "tick": 1,
    "value": 10,
    "text": "Shadow (Glow) Diffusion"
  }
}